url,village,districts,province,provincial_capital,lng,lat
http://www.iecity.com/xian/map/Detail66484849684856498555.html,新寇村地图,灞桥区,陕西省,西安,109.086416,34.385895
http://www.iecity.com/xian/map/Detail66484849684856498277.html,鸽鹁杨地图,灞桥区,陕西省,西安,109.044059,34.40866
http://www.iecity.com/xian/map/Detail66484849684856498355.html,刘家庄地图,灞桥区,陕西省,西安,109.071465,34.400794
http://www.iecity.com/xian/map/Detail66487070706869667979.html,周家坡村地图,灞桥区,陕西省,西安,109.020945,34.304143
http://www.iecity.com/xian/map/Detail66484849684856498376.html,南吴村地图,灞桥区,陕西省,西安,109.060591,34.376556
http://www.iecity.com/xian/map/Detail66487070708472815657.html,南赵村地图,临潼区,陕西省,西安,109.24736,34.504448
http://www.iecity.com/xian/map/Detail66487148765772897651.html,新风村地图,长安区,陕西省,西安,109.127171,34.138416
http://www.iecity.com/xian/map/Detail66484849684949695482.html,二道桥新村地图,长安区,陕西省,西安,108.825161,34.011706
http://www.iecity.com/xian/map/Detail66484849684856515588.html,沟泉村地图,灞桥区,陕西省,西安,109.120749,34.237234
http://www.iecity.com/xian/map/Detail66487070755474735381.html,阁老门香酥鸡蛋灌饼地图,未央区,陕西省,西安,108.90887,34.302941
http://www.iecity.com/xian/map/Detail66484849684856524886.html,甘午村地图,周至县,陕西省,西安,108.431345,34.099621
http://www.iecity.com/xian/map/Detail66487254687266546983.html,郗家河一组地图,蓝田县,陕西省,西安,109.21427,34.166058
http://www.iecity.com/xian/map/Detail66484849684856758256.html,严上地图,临潼区,陕西省,西安,109.257126,34.417712
http://www.iecity.com/xian/map/Detail66484849684856546551.html,北桥沟地图,长安区,陕西省,西安,108.877156,33.971294
http://www.iecity.com/xian/map/Detail66487070716670816887.html,南赵村地图,临潼区,陕西省,西安,109.273472,34.416467
http://www.iecity.com/xian/map/Detail66484849684856497267.html,邬家庄地图,高陵区,陕西省,西安,109.123437,34.445248
http://www.iecity.com/xian/map/Detail66484849684856525488.html,方家寨村地图,鄠邑区,陕西省,西安,108.671751,34.108916
http://www.iecity.com/xian/map/Detail66484849684856498382.html,三合村地图,灞桥区,陕西省,西安,109.12115,34.409638
http://www.iecity.com/xian/map/Detail66484849684856505055.html,杨南村地图,临潼区,陕西省,西安,109.300692,34.411729
http://www.iecity.com/xian/map/Detail66484849684856526757.html,杨柳村地图,长安区,陕西省,西安,108.776861,34.160175
http://www.iecity.com/xian/map/Detail66484849684856505156.html,邓家沟地图,临潼区,陕西省,西安,109.46049,34.391478
http://www.iecity.com/xian/map/Detail66484849684856527175.html,司马村地图,长安区,陕西省,西安,109.05172,34.11971
http://www.iecity.com/xian/map/Detail66484849684856508851.html,三过村地图,鄠邑区,陕西省,西安,108.564089,34.183148
http://www.iecity.com/xian/map/Detail66484849684856496776.html,高家村地图,临潼区,陕西省,西安,109.348607,34.573223
http://www.iecity.com/xian/map/Detail66484849684857704882.html,孙家地图,临潼区,陕西省,西安,109.368381,34.326933
http://www.iecity.com/xian/map/Detail66484849684856508069.html,小金村地图,临潼区,陕西省,西安,109.416137,34.323332
http://www.iecity.com/xian/map/Detail66484849684886794874.html,南赵村地图,临潼区,陕西省,西安,109.441063,34.555559
http://www.iecity.com/xian/map/Detail66484849684856535351.html,白龙寺地图,鄠邑区,陕西省,西安,108.489481,34.039722
http://www.iecity.com/xian/map/Detail66484849684857698988.html,东张村地图,临潼区,陕西省,西安,109.436176,34.568517
http://www.iecity.com/xian/map/Detail66484849684856537770.html,许家沟村地图,长安区,陕西省,西安,109.125639,34.040427
http://www.iecity.com/xian/map/Detail66484849684856525274.html,南元村地图,鄠邑区,陕西省,西安,108.533799,34.084025
http://www.iecity.com/xian/map/Detail66484849684856758582.html,南韩村地图,临潼区,陕西省,西安,109.41569,34.384667
http://www.iecity.com/xian/map/Detail66484849684856515673.html,牛角尖村地图,灞桥区,陕西省,西安,109.082153,34.206737
http://www.iecity.com/xian/map/Detail66484849684856758184.html,吴村杨地图,高陵区,陕西省,西安,109.148072,34.45559
http://www.iecity.com/xian/map/Detail66484849684856496949.html,团家地图,临潼区,陕西省,西安,109.313267,34.548367
http://www.iecity.com/xian/map/Detail66484849684856495178.html,湾里地图,临潼区,陕西省,西安,109.256545,34.589814
http://www.iecity.com/xian/map/Detail66484849684856497189.html,上马渡地图,高陵区,陕西省,西安,109.081404,34.475444
http://www.iecity.com/xian/map/Detail66484849684856515672.html,南寨村地图,灞桥区,陕西省,西安,109.107298,34.202653
http://www.iecity.com/xian/map/Detail66484849684856496854.html,马寨村地图,临潼区,陕西省,西安,109.318459,34.530669
http://www.iecity.com/xian/map/Detail66484849684856536787.html,炉丹村地图,鄠邑区,陕西省,西安,108.66002,34.043793
http://www.iecity.com/xian/map/Detail66484849684856546771.html,老龙沟地图,长安区,陕西省,西安,108.91418,33.949949
http://www.iecity.com/xian/map/Detail66484849684856515787.html,东蒋村地图,灞桥区,陕西省,西安,109.180111,34.211401
http://www.iecity.com/xian/map/Detail66484849684856545155.html,东家沟地图,鄠邑区,陕西省,西安,108.579703,33.985838
http://www.iecity.com/xian/map/Detail66484849684856488251.html,小胡村地图,阎良区,陕西省,西安,109.390124,34.725808
http://www.iecity.com/xian/map/Detail66484849684857698985.html,孙家村地图,临潼区,陕西省,西安,109.34457,34.525933
http://www.iecity.com/xian/map/Detail66484849684856525786.html,北张三村地图,长安区,陕西省,西安,108.761064,34.126274
http://www.iecity.com/xian/map/Detail66484849684856498349.html,解放庄地图,临潼区,陕西省,西安,109.123524,34.361904
http://www.iecity.com/xian/map/Detail66484849684949688454.html,何家村地图,高陵区,陕西省,西安,109.078567,34.562874
http://www.iecity.com/xian/map/Detail66484849684856508880.html,新安村地图,鄠邑区,陕西省,西安,108.575458,34.209303
http://www.iecity.com/xian/map/Detail66484849684857704851.html,许家地图,临潼区,陕西省,西安,109.283027,34.344283
http://www.iecity.com/xian/map/Detail66484849684856525389.html,元驾村地图,鄠邑区,陕西省,西安,108.548431,34.153934
http://www.iecity.com/xian/map/Detail66484849684856527177.html,孙家场村地图,长安区,陕西省,西安,109.108008,34.121876
http://www.iecity.com/xian/map/Detail66484849684856488889.html,北朱地图,阎良区,陕西省,西安,109.24805,34.654802
http://www.iecity.com/xian/map/Detail66484849684856487589.html,老爷庙地图,鄠邑区,陕西省,西安,108.550719,33.796896
http://www.iecity.com/xian/map/Detail66484849684856537750.html,西河滩村地图,长安区,陕西省,西安,109.106721,34.038863
http://www.iecity.com/xian/map/Detail66484849684856496671.html,新李地图,高陵区,陕西省,西安,109.135941,34.54849
http://www.iecity.com/xian/map/Detail66484849684856536649.html,新兴村地图,鄠邑区,陕西省,西安,108.626297,34.020973
http://www.iecity.com/xian/map/Detail66484849684856494868.html,西魏地图,阎良区,陕西省,西安,109.250709,34.621799
http://www.iecity.com/xian/map/Detail66484849684856536684.html,草堂营村地图,鄠邑区,陕西省,西安,108.7488,34.008751
http://www.iecity.com/xian/map/Detail66484849684856535784.html,南斑村地图,鄠邑区,陕西省,西安,108.575678,34.068235
http://www.iecity.com/xian/map/Detail66484849684856488289.html,南寨地图,阎良区,陕西省,西安,109.421892,34.662454
http://www.iecity.com/xian/map/Detail66484849684856489057.html,吕家地图,阎良区,陕西省,西安,109.166585,34.660293
http://www.iecity.com/xian/map/Detail66484849684856537190.html,新二村地图,长安区,陕西省,西安,108.83002,34.055679
http://www.iecity.com/xian/map/Detail66484849684856495371.html,邓家地图,高陵区,陕西省,西安,109.062997,34.554408
http://www.iecity.com/xian/map/Detail66484849684856488151.html,孙村地图,阎良区,陕西省,西安,109.363222,34.72896
http://www.iecity.com/xian/map/Detail66484849684856518467.html,南留村地图,周至县,陕西省,西安,108.113578,34.112921
http://www.iecity.com/xian/map/Detail66484849684856765677.html,马坊村地图,鄠邑区,陕西省,西安,108.516951,34.179256
http://www.iecity.com/xian/map/Detail66484849684949695072.html,东张村地图,灞桥区,陕西省,西安,109.156478,34.212329
http://www.iecity.com/xian/map/Detail66484849684856768388.html,韭菜滩地图,长安区,陕西省,西安,108.886478,33.861195
http://www.iecity.com/xian/map/Detail66484849684949564985.html,唐刘村地图,灞桥区,陕西省,西安,109.152364,34.276994
http://www.iecity.com/xian/map/Detail66487070706573748551.html,张家堡地图,周至县,陕西省,西安,108.097872,34.153697
http://www.iecity.com/xian/map/Detail66484849684856496968.html,西庄地图,临潼区,陕西省,西安,109.280987,34.545157
http://www.iecity.com/xian/map/Detail66484849684949564874.html,南新村地图,长安区,陕西省,西安,108.830301,34.176801
http://www.iecity.com/xian/map/Detail66484849684856548371.html,张家梁地图,周至县,陕西省,西安,108.190342,33.8847
http://www.iecity.com/xian/map/Detail66484849684886794872.html,南赵村地图,临潼区,陕西省,西安,109.435863,34.555917
http://www.iecity.com/xian/map/Detail66484849684856545275.html,木格地图,鄠邑区,陕西省,西安,108.61322,33.991258
http://www.iecity.com/xian/map/Detail66484849684856518649.html,张家湾地图,周至县,陕西省,西安,108.02341,34.105887
http://www.iecity.com/xian/map/Detail66484849684856535650.html,张家庵地图,周至县,陕西省,西安,108.404808,34.060195
http://www.iecity.com/xian/map/Detail66484849684856518884.html,张家庄地图,周至县,陕西省,西安,108.199418,34.11175
http://www.iecity.com/xian/map/Detail66487070706869667972.html,枣园苏村地图,灞桥区,陕西省,西安,109.073961,34.262624
http://www.iecity.com/xian/map/Detail66484849684949565188.html,尤家庄村地图,未央区,陕西省,西安,108.942785,34.325867
http://www.iecity.com/xian/map/Detail66484849684949688854.html,新合村地图,灞桥区,陕西省,西安,109.098923,34.393011
http://www.iecity.com/xian/map/Detail66487070708178484986.html,新合村地图,临潼区,陕西省,西安,109.347299,34.415301
http://www.iecity.com/xian/map/Detail66487070708472658570.html,新合村地图,临潼区,陕西省,西安,109.198759,34.516284
http://www.iecity.com/xian/map/Detail66487070706573697882.html,新合村地图,临潼区,陕西省,西安,109.445841,34.341007
http://www.iecity.com/xian/map/Detail66487070708472498350.html,杨家庄地图,周至县,陕西省,西安,108.177607,34.175214
http://www.iecity.com/xian/map/Detail66484849684949896984.html,新合村地图,临潼区,陕西省,西安,109.244281,34.555181
http://www.iecity.com/xian/map/Detail66484849684856518584.html,杨家庄地图,周至县,陕西省,西安,108.048404,34.142658
http://www.iecity.com/xian/map/Detail66484849684856767674.html,杨家庄地图,蓝田县,陕西省,西安,109.254242,34.089111
http://www.iecity.com/xian/map/Detail66484849684856537988.html,汤家庄村地图,蓝田县,陕西省,西安,109.206882,34.043116
http://www.iecity.com/xian/map/Detail66487282538055878765.html,三江村地图,碑林区,陕西省,西安,108.965715,34.245339
http://www.iecity.com/xian/map/Detail66484849684856527675.html,蒋寨村地图,蓝田县,陕西省,西安,109.372721,34.132028
http://www.iecity.com/xian/map/Detail66487070706573697671.html,于家村地图,灞桥区,陕西省,西安,109.093075,34.354628
http://www.iecity.com/xian/map/Detail66487282486678676854.html,小虎家地图,雁塔区,陕西省,西安,108.948934,34.225129
http://www.iecity.com/xian/map/Detail66484849684949688972.html,北余家寨村地图,未央区,陕西省,西安,108.972076,34.314714
http://www.iecity.com/xian/map/Detail66484849684856488469.html,余家村地图,临潼区,陕西省,西安,109.392569,34.578986
http://www.iecity.com/xian/map/Detail66484849684856546979.html,木头岭地图,长安区,陕西省,西安,109.008783,33.99072
http://www.iecity.com/xian/map/Detail66484849684856518065.html,余家村地图,蓝田县,陕西省,西安,109.58435,34.241027
http://www.iecity.com/xian/map/Detail66484849684857698977.html,车李村地图,临潼区,陕西省,西安,109.316625,34.575125
http://www.iecity.com/xian/map/Detail66484849684856538465.html,余家沟村地图,蓝田县,陕西省,西安,109.30631,34.030785
http://www.iecity.com/xian/map/Detail66484849684949566685.html,西余家沟村地图,蓝田县,陕西省,西安,109.271874,34.214181
http://www.iecity.com/xian/map/Detail66484849684856537976.html,佘家湾地图,蓝田县,陕西省,西安,109.244476,34.069251
http://www.iecity.com/xian/map/Detail66484849684856498574.html,许王村地图,灞桥区,陕西省,西安,109.103767,34.351462
http://www.iecity.com/xian/map/Detail66487185896751728169.html,徐家庄地图,周至县,陕西省,西安,108.39561,34.152844
http://www.iecity.com/xian/map/Detail66484849684856518550.html,谭家寨村地图,周至县,陕西省,西安,108.013069,34.152358
http://www.iecity.com/xian/map/Detail66484849684856497289.html,余家村地图,灞桥区,陕西省,西安,109.069485,34.417475
http://www.iecity.com/xian/map/Detail66484849684856515582.html,杜陵村地图,灞桥区,陕西省,西安,109.114041,34.228155
http://www.iecity.com/xian/map/Detail66487070748282788157.html,高庙南村地图,未央区,陕西省,西安,108.892853,34.342309
http://www.iecity.com/xian/map/Detail66484849684856527184.html,西曹南村地图,长安区,陕西省,西安,109.018864,34.13913
http://www.iecity.com/xian/map/Detail66487070708280855576.html,南村地图,雁塔区,陕西省,西安,108.920335,34.217123
http://www.iecity.com/xian/map/Detail66484849684949695487.html,江南村地图,长安区,陕西省,西安,108.808087,34.07435
http://www.iecity.com/xian/map/Detail66484849684856525453.html,中南村地图,鄠邑区,陕西省,西安,108.583293,34.15637
http://www.iecity.com/xian/map/Detail66484849684949896576.html,凿齿南村地图,鄠邑区,陕西省,西安,108.65802,34.176672
http://www.iecity.com/xian/map/Detail66487070706573806551.html,降南村地图,长安区,陕西省,西安,108.777274,34.018123
http://www.iecity.com/xian/map/Detail66487254896654688784.html,佘家湾村地图,蓝田县,陕西省,西安,109.252655,34.065916
http://www.iecity.com/xian/map/Detail66484849684856536753.html,郭南村地图,长安区,陕西省,西安,108.749334,34.054209
http://www.iecity.com/xian/map/Detail66484849684856518648.html,张家吊庄地图,周至县,陕西省,西安,108.095556,34.126403
http://www.iecity.com/xian/map/Detail66487070706869577577.html,青羊寨村地图,鄠邑区,陕西省,西安,108.619908,34.12016
http://www.iecity.com/xian/map/Detail66484849684949895267.html,南堡村地图,长安区,陕西省,西安,108.970397,34.058778
http://www.iecity.com/xian/map/Detail66484849684856525689.html,显落村地图,鄠邑区,陕西省,西安,108.67776,34.163954
http://www.iecity.com/xian/map/Detail66484849684856527389.html,南桑村地图,长安区,陕西省,西安,109.161793,34.146805
http://www.iecity.com/xian/map/Detail66484849684856535589.html,余家村地图,周至县,陕西省,西安,108.455028,34.070097
http://www.iecity.com/xian/map/Detail66484849684856497279.html,兴南村地图,灞桥区,陕西省,西安,109.040055,34.422478
http://www.iecity.com/xian/map/Detail66484849684856495148.html,任冯地图,阎良区,陕西省,西安,109.32892,34.627806
http://www.iecity.com/xian/map/Detail66484849684856488887.html,北十字地图,阎良区,陕西省,西安,109.168406,34.664336
http://www.iecity.com/xian/map/Detail66484849684886798354.html,赵家庄村地图,灞桥区,陕西省,西安,109.062636,34.186218
http://www.iecity.com/xian/map/Detail66484849684856546987.html,上建地图,长安区,陕西省,西安,109.074837,33.981431
http://www.iecity.com/xian/map/Detail66484849684857699057.html,胡家村地图,临潼区,陕西省,西安,109.290502,34.484457
http://www.iecity.com/xian/map/Detail66484849684856525754.html,牙道地图,鄠邑区,陕西省,西安,108.65276,34.163442
http://www.iecity.com/xian/map/Detail66484849684856546849.html,佘家湾村地图,长安区,陕西省,西安,108.889032,33.969219
http://www.iecity.com/xian/map/Detail66484849684856488488.html,王家地图,临潼区,陕西省,西安,109.404801,34.454146
http://www.iecity.com/xian/map/Detail66484849684949688867.html,岳沟村地图,临潼区,陕西省,西安,109.151239,34.349447
http://www.iecity.com/xian/map/Detail66484849684857698575.html,大板岔地图,长安区,陕西省,西安,108.952603,33.920835
http://www.iecity.com/xian/map/Detail66484849684856545080.html,民生村地图,周至县,陕西省,西安,108.401758,33.99597
http://www.iecity.com/xian/map/Detail66484849684856524979.html,沙云屯村地图,周至县,陕西省,西安,108.414558,34.120285
http://www.iecity.com/xian/map/Detail66484849684857705376.html,永丰村地图,周至县,陕西省,西安,108.456296,34.059264
http://www.iecity.com/xian/map/Detail66484849684856524966.html,联新村地图,周至县,陕西省,西安,108.445017,34.118755
http://www.iecity.com/xian/map/Detail66484849684856524867.html,安家寨村地图,周至县,陕西省,西安,108.419609,34.090019
http://www.iecity.com/xian/map/Detail66484849684856535381.html,耿西村地图,周至县,陕西省,西安,108.420125,34.070774
http://www.iecity.com/xian/map/Detail66484849684856498265.html,仓门村地图,灞桥区,陕西省,西安,109.057104,34.382702
http://www.iecity.com/xian/map/Detail66484849684856506849.html,西渠村地图,灞桥区,陕西省,西安,109.090288,34.30613
http://www.iecity.com/xian/map/Detail66487070706573697679.html,西王村地图,灞桥区,陕西省,西安,109.029037,34.394256
http://www.iecity.com/xian/map/Detail66487070706869667887.html,田王村地图,灞桥区,陕西省,西安,109.110382,34.29207
http://www.iecity.com/xian/map/Detail66484849684856508356.html,东阳化村地图,周至县,陕西省,西安,108.130495,34.172404
http://www.iecity.com/xian/map/Detail66487271857869695254.html,樊家十字地图,长安区,陕西省,西安,108.944925,34.152932
http://www.iecity.com/xian/map/Detail66484849684856497181.html,坡底地图,高陵区,陕西省,西安,109.080267,34.493723
http://www.iecity.com/xian/map/Detail66487251848574897867.html,渭河地图,未央区,陕西省,西安,108.858365,34.386333
http://www.iecity.com/xian/map/Detail66484849684856546573.html,观坪寺村地图,长安区,陕西省,西安,108.846099,33.9407
http://www.iecity.com/xian/map/Detail66487070765269818751.html,老张家地图,新城区,陕西省,西安,108.969784,34.264707
http://www.iecity.com/xian/map/Detail66484849684856495486.html,坡底任地图,高陵区,陕西省,西安,109.010516,34.508039
http://www.iecity.com/xian/map/Detail66484849684856524976.html,起良村地图,周至县,陕西省,西安,108.452989,34.113574
http://www.iecity.com/xian/map/Detail66487070704849774853.html,火车站社区地图,临潼区,陕西省,西安,109.212659,34.387722
http://www.iecity.com/xian/map/Detail66484849684856525183.html,红卫村地图,鄠邑区,陕西省,西安,108.53086,34.082371
http://www.iecity.com/xian/map/Detail66487249708569884868.html,草滩驿地图,未央区,陕西省,西安,108.885874,34.386767
http://www.iecity.com/xian/map/Detail66484849684949694879.html,里贤村地图,鄠邑区,陕西省,西安,108.578913,34.172915
http://www.iecity.com/xian/map/Detail66484849684949565453.html,普渡村地图,长安区,陕西省,西安,108.767121,34.230406
http://www.iecity.com/xian/map/Detail66484849684856525270.html,南涝店村地图,鄠邑区,陕西省,西安,108.555983,34.162259
http://www.iecity.com/xian/map/Detail66487070706573775567.html,西韩村地图,鄠邑区,陕西省,西安,108.604879,34.125568
http://www.iecity.com/xian/map/Detail66484849684856546770.html,老君庙地图,长安区,陕西省,西安,108.997583,33.994608
http://www.iecity.com/xian/map/Detail66484849684856525277.html,平东村地图,鄠邑区,陕西省,西安,108.572186,34.158972
http://www.iecity.com/xian/map/Detail66484849684856508876.html,西涝店村地图,鄠邑区,陕西省,西安,108.552762,34.170935
http://www.iecity.com/xian/map/Detail66484849684949694878.html,永安村地图,鄠邑区,陕西省,西安,108.518033,34.20933
http://www.iecity.com/xian/map/Detail66484849684856527285.html,东岭村地图,长安区,陕西省,西安,109.15074,34.143418
http://www.iecity.com/xian/map/Detail66484849684856508953.html,寨尚村地图,鄠邑区,陕西省,西安,108.551801,34.165607
http://www.iecity.com/xian/map/Detail66487070737552838974.html,长安区农家乐示范村地图,长安区,陕西省,西安,109.060458,34.033657
http://www.iecity.com/xian/map/Detail66484849684949694875.html,吴兆村地图,鄠邑区,陕西省,西安,108.532324,34.180625
http://www.iecity.com/xian/map/Detail66484849684856508886.html,永安滩村地图,鄠邑区,陕西省,西安,108.520681,34.210629
http://www.iecity.com/xian/map/Detail66484849684856525278.html,平西村地图,鄠邑区,陕西省,西安,108.562424,34.15634
http://www.iecity.com/xian/map/Detail66484849684856545157.html,东羊坡地图,鄠邑区,陕西省,西安,108.566703,33.993272
http://www.iecity.com/xian/map/Detail66484849684856508779.html,里贤庄村地图,鄠邑区,陕西省,西安,108.580061,34.17299
http://www.iecity.com/xian/map/Detail66484849684856508878.html,小坳河村地图,鄠邑区,陕西省,西安,108.597898,34.174208
http://www.iecity.com/xian/map/Detail66484849684856508875.html,西曹村地图,鄠邑区,陕西省,西安,108.55672,34.199598
http://www.iecity.com/xian/map/Detail66484849684856537486.html,子午东村地图,长安区,陕西省,西安,108.904447,34.036772
http://www.iecity.com/xian/map/Detail66484849684856517351.html,方新庄地图,蓝田县,陕西省,西安,109.462559,34.198713
http://www.iecity.com/xian/map/Detail66484849684856498377.html,潘罗村地图,灞桥区,陕西省,西安,109.098907,34.37466
http://www.iecity.com/xian/map/Detail66484849684949688776.html,黄良镇村地图,长安区,陕西省,西安,108.898888,34.092319
http://www.iecity.com/xian/map/Detail66484849684856498665.html,东门村地图,临潼区,陕西省,西安,109.167184,34.334874
http://www.iecity.com/xian/map/Detail66484849684949694874.html,圪塔头村地图,鄠邑区,陕西省,西安,108.593266,34.174641
http://www.iecity.com/xian/map/Detail66484849684856537485.html,子午村地图,长安区,陕西省,西安,108.901394,34.053009
http://www.iecity.com/xian/map/Detail66487070755276838169.html,金家庄地图,周至县,陕西省,西安,108.240188,34.149293
